Classifier,Accuracy for HOG,Accuracy lbpf
DummyClassifier,63.97515527950311,63.975155279503106
kNN,59.62732919254658,65.21739130434783
RandomForest,61.49068322981367,59.62732919254658
XGB,53.41614906832298,58.38509316770186
TPOT,62.11180124223602,50.931677018633536
